,RMSE,MAE
Baseline (Mean+Bias),1.006033,0.767201
SVD,1.004236,0.765421
SGD-MF,1.001906,0.767802
KNN Item-Based,1.062782,0.823979
KNN User-Based,1.069953,0.831554
Content-Based,1.1027,0.8604
Hybrid (SGD-MF + CB),1.07157,0.867961
